state;city;country
Tarapacá;Alto Hospicio;Chile
Tarapacá;Camiña;Chile
Tarapacá;Colchane;Chile
Tarapacá;Huara;Chile
Tarapacá;Iquique;Chile
Tarapacá;Pica;Chile
Tarapacá;Pozo Almonte;Chile
Antofagasta;Antofagasta;Chile
Antofagasta;Calama;Chile
Antofagasta;María Elena;Chile
Antofagasta;Mejillones;Chile
Antofagasta;Ollagüe;Chile
Antofagasta;San Pedro de Atacama;Chile
Antofagasta;Sierra Gorda;Chile
Antofagasta;Taltal;Chile
Antofagasta;Tocopilla;Chile
Atacama;Alto del Carmen;Chile
Atacama;Caldera;Chile
Atacama;Chañaral;Chile
Atacama;Copiapó;Chile
Atacama;Diego de Almagro;Chile
Atacama;Freirina;Chile
Atacama;Huasco;Chile
Atacama;Tierra Amarilla;Chile
Atacama;Vallenar;Chile
Coquimbo;Andacollo;Chile
Coquimbo;Canela;Chile
Coquimbo;Combarbalá;Chile
Coquimbo;Coquimbo;Chile
Coquimbo;Illapel;Chile
Coquimbo;La Higuera;Chile
Coquimbo;La Serena;Chile
Coquimbo;Los Vilos;Chile
Coquimbo;Monte Patria;Chile
Coquimbo;Ovalle;Chile
Coquimbo;Paiguano;Chile
Coquimbo;Punitaqui;Chile
Coquimbo;Río Hurtado;Chile
Coquimbo;Salamanca;Chile
Coquimbo;Vicuña;Chile
Valparaíso;Algarrobo;Chile
Valparaíso;Cabildo;Chile
Valparaíso;Calle Larga;Chile
Valparaíso;Cartagena;Chile
Valparaíso;Casablanca;Chile
Valparaíso;Catemu;Chile
Valparaíso;Concón;Chile
Valparaíso;El Quisco;Chile
Valparaíso;El Tabo;Chile
Valparaíso;Hijuela;Chile
Valparaíso;Isla de Pascua;Chile
Valparaíso;Juan Fernández;Chile
Valparaíso;La Calera;Chile
Valparaíso;La Cruz;Chile
Valparaíso;La Ligua;Chile
Valparaíso;Limache;Chile
Valparaíso;Llaillay;Chile
Valparaíso;Los Andes;Chile
Valparaíso;Nogales;Chile
Valparaíso;Olmué;Chile
Valparaíso;Panquehue;Chile
Valparaíso;Papudo;Chile
Valparaíso;Petorca;Chile
Valparaíso;Puchuncaví;Chile
Valparaíso;Putaendo;Chile
Valparaíso;Quillota;Chile
Valparaíso;Quilpué;Chile
Valparaíso;Quintero;Chile
Valparaíso;Rinconada;Chile
Valparaíso;San Antonio;Chile
Valparaíso;San Esteban;Chile
Valparaíso;San Felipe;Chile
Valparaíso;Santa María;Chile
Valparaíso;Santo Domingo;Chile
Valparaíso;Valparaíso;Chile
Valparaíso;Villa Alemana;Chile
Valparaíso;Viña del Mar;Chile
Valparaíso;Zapallar;Chile
O'Higgins;Chépica;Chile
O'Higgins;Chimbarongo;Chile
O'Higgins;Codegua;Chile
O'Higgins;Coinco;Chile
O'Higgins;Coltauco;Chile
O'Higgins;Doñihue;Chile
O'Higgins;Graneros;Chile
O'Higgins;La Estrella;Chile
O'Higgins;Las Cabras;Chile
O'Higgins;Litueche;Chile
O'Higgins;Lolol;Chile
O'Higgins;Machalí;Chile
O'Higgins;Malloa;Chile
O'Higgins;Marchihue;Chile
O'Higgins;Mostazal;Chile
O'Higgins;Nancagua;Chile
O'Higgins;Navidad;Chile
O'Higgins;Olivar;Chile
O'Higgins;Palmilla;Chile
O'Higgins;Paredones;Chile
O'Higgins;Peralillo;Chile
O'Higgins;Peumo;Chile
O'Higgins;Pichidegua;Chile
O'Higgins;Pichilemu;Chile
O'Higgins;Placilla;Chile
O'Higgins;Pumanque;Chile
O'Higgins;Quinta de Tilcoco;Chile
O'Higgins;Rancagua;Chile
O'Higgins;Rengo;Chile
O'Higgins;Requínoa;Chile
O'Higgins;San Fernando;Chile
O'Higgins;San Vicente;Chile
O'Higgins;Santa Cruz;Chile
Maule;Cauquenes;Chile
Maule;Chanco;Chile
Maule;Colbún;Chile
Maule;Constitución;Chile
Maule;Curepto;Chile
Maule;Curicó;Chile
Maule;Empedrado;Chile
Maule;Hualañé;Chile
Maule;Licantén;Chile
Maule;Linares;Chile
Maule;Longaví;Chile
Maule;Maule;Chile
Maule;Molina;Chile
Maule;Parral;Chile
Maule;Pelarco;Chile
Maule;Pelluhue;Chile
Maule;Pencahue;Chile
Maule;Rauco;Chile
Maule;Retiro;Chile
Maule;Río Claro;Chile
Maule;Romeral;Chile
Maule;Sagrada Familia;Chile
Maule;San Clemente;Chile
Maule;San Javier;Chile
Maule;San Rafael;Chile
Maule;Talca;Chile
Maule;Teno;Chile
Maule;Vichuquén;Chile
Maule;Villa Alegre;Chile
Maule;Yerbas Buenas;Chile
Biobío;Alto Biobío;Chile
Biobío;Antuco;Chile
Biobío;Arauco;Chile
Biobío;Cabrero;Chile
Biobío;Cañete;Chile
Biobío;Chiguayante;Chile
Biobío;Concepción;Chile
Biobío;Contulmo;Chile
Biobío;Coronel;Chile
Biobío;Curanilahue;Chile
Biobío;Florida;Chile
Biobío;Hualpén;Chile
Biobío;Hualqui;Chile
Biobío;Laja;Chile
Biobío;Lebu;Chile
Biobío;Los Álamos;Chile
Biobío;Los Ángeles;Chile
Biobío;Lota;Chile
Biobío;Mulchén;Chile
Biobío;Nacimiento;Chile
Biobío;Negrete;Chile
Biobío;Penco;Chile
Biobío;Quilaco;Chile
Biobío;Quilleco;Chile
Biobío;San Pedro de la Paz;Chile
Biobío;San Rosendo;Chile
Biobío;Santa Bárbara;Chile
Biobío;Santa Juana;Chile
Biobío;Talcahuano;Chile
Biobío;Tirúa;Chile
Biobío;Tomé;Chile
Biobío;Tucapel;Chile
Biobío;Yumbel;Chile
La Araucanía;Angol;Chile
La Araucanía;Carahue;Chile
La Araucanía;Cholchol;Chile
La Araucanía;Collipulli;Chile
La Araucanía;Cunco;Chile
La Araucanía;Curacautín;Chile
La Araucanía;Curarrehue;Chile
La Araucanía;Ercilla;Chile
La Araucanía;Freire;Chile
La Araucanía;Galvarino;Chile
La Araucanía;Gorbea;Chile
La Araucanía;Lautaro;Chile
La Araucanía;Loncoche;Chile
La Araucanía;Lonquimay;Chile
La Araucanía;Los Sauces;Chile
La Araucanía;Lumaco;Chile
La Araucanía;Melipeuco;Chile
La Araucanía;Nueva Imperial;Chile
La Araucanía;Padre Las Casas;Chile
La Araucanía;Perquenco;Chile
La Araucanía;Pitrufquén;Chile
La Araucanía;Pucón;Chile
La Araucanía;Purén;Chile
La Araucanía;Renaico;Chile
La Araucanía;Saavedra;Chile
La Araucanía;Temuco;Chile
La Araucanía;Teodoro Schmidt;Chile
La Araucanía;Toltén;Chile
La Araucanía;Traiguén;Chile
La Araucanía;Victoria;Chile
La Araucanía;Vilcún;Chile
La Araucanía;Villarrica;Chile
Los Lagos;Ancud;Chile
Los Lagos;Calbuco;Chile
Los Lagos;Castro;Chile
Los Lagos;Chaitén;Chile
Los Lagos;Chonchi;Chile
Los Lagos;Cochamó;Chile
Los Lagos;Curaco de Vélez;Chile
Los Lagos;Dalcahue;Chile
Los Lagos;Fresia;Chile
Los Lagos;Frutillar;Chile
Los Lagos;Futaleufú;Chile
Los Lagos;Hualaihué;Chile
Los Lagos;Llanquihue;Chile
Los Lagos;Los Muermos;Chile
Los Lagos;Maullín;Chile
Los Lagos;Osorno;Chile
Los Lagos;Palena;Chile
Los Lagos;Puerto Montt;Chile
Los Lagos;Puerto Octay;Chile
Los Lagos;Puerto Varas;Chile
Los Lagos;Puqueldón;Chile
Los Lagos;Purranque;Chile
Los Lagos;Puyehue;Chile
Los Lagos;Queilén;Chile
Los Lagos;Quellón;Chile
Los Lagos;Quemchi;Chile
Los Lagos;Quinchao;Chile
Los Lagos;Río Negro;Chile
Los Lagos;San Juan de la Costa;Chile
Los Lagos;San Pablo;Chile
Aysén;Aysén;Chile
Aysén;Chile Chico;Chile
Aysén;Cisnes;Chile
Aysén;Cochrane;Chile
Aysén;Coyhaique;Chile
Aysén;Guaitecas;Chile
Aysén;Lago Verde;Chile
Aysén;O´Higgins;Chile
Aysén;Río Ibáñez;Chile
Aysén;Tortel;Chile
Magallanes y la Antártica;Antártica;Chile
Magallanes y la Antártica;Cabo de Hornos;Chile
Magallanes y la Antártica;Laguna Blanca;Chile
Magallanes y la Antártica;Natales;Chile
Magallanes y la Antártica;Porvenir;Chile
Magallanes y la Antártica;Primavera;Chile
Magallanes y la Antártica;Punta Arenas;Chile
Magallanes y la Antártica;Río Verde;Chile
Magallanes y la Antártica;San Gregorio;Chile
Magallanes y la Antártica;Timaukel;Chile
Magallanes y la Antártica;Torres del Paine;Chile
Región Metropolitana;Alhué;Chile
Región Metropolitana;Buin;Chile
Región Metropolitana;Calera de Tango;Chile
Región Metropolitana;Cerrillos;Chile
Región Metropolitana;Cerro Navia;Chile
Región Metropolitana;Colina;Chile
Región Metropolitana;Conchalí;Chile
Región Metropolitana;Curacaví;Chile
Región Metropolitana;El Bosque;Chile
Región Metropolitana;El Monte;Chile
Región Metropolitana;Estación Central;Chile
Región Metropolitana;Huechuraba;Chile
Región Metropolitana;Independencia;Chile
Región Metropolitana;Isla de Maipo;Chile
Región Metropolitana;La Cisterna;Chile
Región Metropolitana;La Florida;Chile
Región Metropolitana;La Granja;Chile
Región Metropolitana;La Pintana;Chile
Región Metropolitana;La Reina;Chile
Región Metropolitana;Lampa;Chile
Región Metropolitana;Las Condes;Chile
Región Metropolitana;Lo Barnechea;Chile
Región Metropolitana;Lo Espejo;Chile
Región Metropolitana;Lo Prado;Chile
Región Metropolitana;Macul;Chile
Región Metropolitana;Maipú;Chile
Región Metropolitana;María Pinto;Chile
Región Metropolitana;Melipilla;Chile
Región Metropolitana;Ñuñoa;Chile
Región Metropolitana;Padre Hurtado;Chile
Región Metropolitana;Paine;Chile
Región Metropolitana;Pedro Aguirre Cerda;Chile
Región Metropolitana;Peñaflor;Chile
Región Metropolitana;Peñalolén;Chile
Región Metropolitana;Pirque;Chile
Región Metropolitana;Providencia;Chile
Región Metropolitana;Pudahuel;Chile
Región Metropolitana;Puente Alto;Chile
Región Metropolitana;Quilicura;Chile
Región Metropolitana;Quinta Normal;Chile
Región Metropolitana;Recoleta;Chile
Región Metropolitana;Renca;Chile
Región Metropolitana;San Bernardo;Chile
Región Metropolitana;San Joaquín;Chile
Región Metropolitana;San José  de Maipo;Chile
Región Metropolitana;San Miguel;Chile
Región Metropolitana;San Pedro;Chile
Región Metropolitana;San Ramón;Chile
Región Metropolitana;Santiago;Chile
Región Metropolitana;Talagante;Chile
Región Metropolitana;Tiltil;Chile
Región Metropolitana;Vitacura;Chile
Los Ríos;Corral;Chile
Los Ríos;Futrono;Chile
Los Ríos;La Unión;Chile
Los Ríos;Lago Ranco;Chile
Los Ríos;Lanco;Chile
Los Ríos;Los Lagos;Chile
Los Ríos;Máfil;Chile
Los Ríos;Mariquina;Chile
Los Ríos;Paillaco;Chile
Los Ríos;Panguipulli;Chile
Los Ríos;Río Bueno;Chile
Los Ríos;Valdivia;Chile
Arica y Parinacota;Arica;Chile
Arica y Parinacota;Camarones;Chile
Arica y Parinacota;General Lagos;Chile
Arica y Parinacota;Putre;Chile
Ñuble;Bulnes;Chile
Ñuble;Chillán;Chile
Ñuble;Chillán Viejo;Chile
Ñuble;Cobquecura;Chile
Ñuble;Coelemu;Chile
Ñuble;Coihueco;Chile
Ñuble;El Carmen;Chile
Ñuble;Ninhue;Chile
Ñuble;Ñiquén;Chile
Ñuble;Pemuco;Chile
Ñuble;Pinto;Chile
Ñuble;Portezuelo;Chile
Ñuble;Quillón;Chile
Ñuble;Quirihue;Chile
Ñuble;Ránquil;Chile
Ñuble;San Carlos;Chile
Ñuble;San Fabián;Chile
Ñuble;San Ignacio;Chile
Ñuble;San Nicolás;Chile
Ñuble;Treguaco;Chile
Ñuble;Yungay;Chile
Amazonas;El Encanto;Colombia
Amazonas;La Chorrera;Colombia
Amazonas;La Pedrera;Colombia
Amazonas;La Victoria;Colombia
Amazonas;Leticia;Colombia
Amazonas;Miriti - Paraná;Colombia
Amazonas;Puerto Alegria;Colombia
Amazonas;Puerto Arica;Colombia
Amazonas;Puerto Nariño;Colombia
Amazonas;Puerto Santander;Colombia
Amazonas;Tarapacá;Colombia
Antioquia;Cáceres;Colombia
Antioquia;Caucasia;Colombia
Antioquia;El Bagre;Colombia
Antioquia;Nechí;Colombia
Antioquia;Tarazá;Colombia
Antioquia;Zaragoza;Colombia
Antioquia;Caracolí;Colombia
Antioquia;Maceo;Colombia
Antioquia;Puerto Berrio;Colombia
Antioquia;Puerto Nare;Colombia
Antioquia;Puerto Triunfo;Colombia
Antioquia;Yondó;Colombia
Antioquia;Amalfi;Colombia
Antioquia;Anorí;Colombia
Antioquia;Cisneros;Colombia
Antioquia;Remedios;Colombia
Antioquia;San Roque;Colombia
Antioquia;Santo Domingo;Colombia
Antioquia;Segovia;Colombia
Antioquia;Vegachí;Colombia
Antioquia;Yalí;Colombia
Antioquia;Yolombó;Colombia
Antioquia;Angostura;Colombia
Antioquia;Belmira;Colombia
Antioquia;Briceño;Colombia
Antioquia;Campamento;Colombia
Antioquia;Carolina;Colombia
Antioquia;Don Matias;Colombia
Antioquia;Entrerrios;Colombia
Antioquia;Gómez Plata;Colombia
Antioquia;Guadalupe;Colombia
Antioquia;Ituango;Colombia
Antioquia;San Andrés;Colombia
Antioquia;San José De La Montaña;Colombia
Antioquia;San Pedro;Colombia
Antioquia;Santa Rosa De Osos;Colombia
Antioquia;Toledo;Colombia
Antioquia;Valdivia;Colombia
Antioquia;Yarumal;Colombia
Antioquia;Abriaquí;Colombia
Antioquia;Anza;Colombia
Antioquia;Armenia;Colombia
Antioquia;Buriticá;Colombia
Antioquia;Cañasgordas;Colombia
Antioquia;Dabeiba;Colombia
Antioquia;Ebéjico;Colombia
Antioquia;Frontino;Colombia
Antioquia;Giraldo;Colombia
Antioquia;Heliconia;Colombia
Antioquia;Liborina;Colombia
Antioquia;Olaya;Colombia
Antioquia;Peque;Colombia
Antioquia;Sabanalarga;Colombia
Antioquia;San Jerónimo;Colombia
Antioquia;Santafé De Antioquia;Colombia
Antioquia;Sopetran;Colombia
Antioquia;Uramita;Colombia
Antioquia;Abejorral;Colombia
Antioquia;Alejandría;Colombia
Antioquia;Argelia;Colombia
Antioquia;Carmen De Viboral;Colombia
Antioquia;Cocorná;Colombia
Antioquia;Concepción;Colombia
Antioquia;Granada;Colombia
Antioquia;Guarne;Colombia
Antioquia;Guatape;Colombia
Antioquia;La Ceja;Colombia
Antioquia;La Unión;Colombia
Antioquia;Marinilla;Colombia
Antioquia;Nariño;Colombia
Antioquia;Peñol;Colombia
Antioquia;Retiro;Colombia
Antioquia;Rionegro;Colombia
Antioquia;San Carlos;Colombia
Antioquia;San Francisco;Colombia
Antioquia;San Luis;Colombia
Antioquia;San Rafael;Colombia
Antioquia;San Vicente;Colombia
Antioquia;Santuario;Colombia
Antioquia;Sonson;Colombia
Antioquia;Amaga;Colombia
Antioquia;Andes;Colombia
Antioquia;Angelopolis;Colombia
Antioquia;Betania;Colombia
Antioquia;Betulia;Colombia
Antioquia;Caicedo;Colombia
Antioquia;Caramanta;Colombia
Antioquia;Ciudad Bolívar;Colombia
Antioquia;Concordia;Colombia
Antioquia;Fredonia;Colombia
Antioquia;Hispania;Colombia
Antioquia;Jardín;Colombia
Antioquia;Jericó;Colombia
Antioquia;La Pintada;Colombia
Antioquia;Montebello;Colombia
Antioquia;Pueblorrico;Colombia
Antioquia;Salgar;Colombia
Antioquia;Santa Barbara;Colombia
Antioquia;Támesis;Colombia
Antioquia;Tarso;Colombia
Antioquia;Titiribí;Colombia
Antioquia;Urrao;Colombia
Antioquia;Valparaiso;Colombia
Antioquia;Venecia;Colombia
Antioquia;Apartadó;Colombia
Antioquia;Arboletes;Colombia
Antioquia;Carepa;Colombia
Antioquia;Chigorodó;Colombia
Antioquia;Murindó;Colombia
Antioquia;Mutata;Colombia
Antioquia;Necoclí;Colombia
Antioquia;San Juan De Uraba;Colombia
Antioquia;San Pedro De Uraba;Colombia
Antioquia;Turbo;Colombia
Antioquia;Vigía Del Fuerte;Colombia
Antioquia;Barbosa;Colombia
Antioquia;Bello;Colombia
Antioquia;Caldas;Colombia
Antioquia;Copacabana;Colombia
Antioquia;Envigado;Colombia
Antioquia;Girardota;Colombia
Antioquia;Itagui;Colombia
Antioquia;La Estrella;Colombia
Antioquia;Medellín;Colombia
Antioquia;Sabaneta;Colombia
Arauca;Arauca;Colombia
Arauca;Arauquita;Colombia
Arauca;Cravo Norte;Colombia
Arauca;Fortul;Colombia
Arauca;Puerto Rondón;Colombia
Arauca;Saravena;Colombia
Arauca;Tame;Colombia
Archipielago De San Andres;Providencia Y Santa Catalina;Colombia
Archipielago De San Andres;San Andres;Colombia
Atlántico;Barranquilla;Colombia
Atlántico;Galapa;Colombia
Atlántico;Malambo;Colombia
Atlántico;Puerto Colombia;Colombia
Atlántico;Soledad;Colombia
Atlántico;Campo De La Cruz;Colombia
Atlántico;Candelaria;Colombia
Atlántico;Luruaco;Colombia
Atlántico;Manati;Colombia
Atlántico;Repelon;Colombia
Atlántico;Santa Lucia;Colombia
Atlántico;Suan;Colombia
Atlántico;Baranoa;Colombia
Atlántico;Palmar De Varela;Colombia
Atlántico;Polonuevo;Colombia
Atlántico;Ponedera;Colombia
Atlántico;Sabanagrande;Colombia
Atlántico;Sabanalarga;Colombia
Atlántico;Santo Tomas;Colombia
Atlántico;Juan De Acosta;Colombia
Atlántico;Piojó;Colombia
Atlántico;Tubara;Colombia
Atlántico;Usiacuri;Colombia
Cundinamarca;Bogota D.C.;Colombia
Bolivar;Cicuco;Colombia
Bolivar;Hatillo De Loba;Colombia
Bolivar;Margarita;Colombia
Bolivar;Mompós;Colombia
Bolivar;San Fernando;Colombia
Bolivar;Talaigua Nuevo;Colombia
Bolivar;Arjona;Colombia
Bolivar;Arroyohondo;Colombia
Bolivar;Calamar;Colombia
Bolivar;Cartagena;Colombia
Bolivar;Clemencia;Colombia
Bolivar;Mahates;Colombia
Bolivar;San Cristobal;Colombia
Bolivar;San Estanislao;Colombia
Bolivar;Santa Catalina;Colombia
Bolivar;Santa Rosa De Lima;Colombia
Bolivar;Soplaviento;Colombia
Bolivar;Turbaco;Colombia
Bolivar;Turbana;Colombia
Bolivar;Villanueva;Colombia
Bolivar;Altos Del Rosario;Colombia
Bolivar;Barranco De Loba;Colombia
Bolivar;El Peñon;Colombia
Bolivar;Regidor;Colombia
Bolivar;Río Viejo;Colombia
Bolivar;San Martin De Loba;Colombia
Bolivar;Arenal;Colombia
Bolivar;Cantagallo;Colombia
Bolivar;Morales;Colombia
Bolivar;San Pablo;Colombia
Bolivar;Santa Rosa Del Sur;Colombia
Bolivar;Simití;Colombia
Bolivar;Achí;Colombia
Bolivar;Magangué;Colombia
Bolivar;Montecristo;Colombia
Bolivar;Pinillos;Colombia
Bolivar;San Jacinto Del Cauca;Colombia
Bolivar;Tiquisio;Colombia
Bolivar;Carmen De Bolívar;Colombia
Bolivar;Córdoba;Colombia
Bolivar;El Guamo;Colombia
Bolivar;María La Baja;Colombia
Bolivar;San Jacinto;Colombia
Bolivar;San Juan Nepomuceno;Colombia
Bolivar;Zambrano;Colombia
Boyacá;Chíquiza;Colombia
Boyacá;Chivatá;Colombia
Boyacá;Cómbita;Colombia
Boyacá;Cucaita;Colombia
Boyacá;Motavita;Colombia
Boyacá;Oicatá;Colombia
Boyacá;Samacá;Colombia
Boyacá;Siachoque;Colombia
Boyacá;Sora;Colombia
Boyacá;Soracá;Colombia
Boyacá;Sotaquirá;Colombia
Boyacá;Toca;Colombia
Boyacá;Tunja;Colombia
Boyacá;Tuta;Colombia
Boyacá;Ventaquemada;Colombia
Boyacá;Chiscas;Colombia
Boyacá;Cubará;Colombia
Boyacá;El Cocuy;Colombia
Boyacá;El Espino;Colombia
Boyacá;Guacamayas;Colombia
Boyacá;Güicán;Colombia
Boyacá;Panqueba;Colombia
Boyacá;Labranzagrande;Colombia
Boyacá;Pajarito;Colombia
Boyacá;Paya;Colombia
Boyacá;Pisba;Colombia
Boyacá;Berbeo;Colombia
Boyacá;Campohermoso;Colombia
Boyacá;Miraflores;Colombia
Boyacá;Páez;Colombia
Boyacá;San Eduardo;Colombia
Boyacá;Zetaquira;Colombia
Boyacá;Boyacá;Colombia
Boyacá;Ciénega;Colombia
Boyacá;Jenesano;Colombia
Boyacá;Nuevo Colón;Colombia
Boyacá;Ramiriquí;Colombia
Boyacá;Rondón;Colombia
Boyacá;Tibaná;Colombia
Boyacá;Turmequé;Colombia
Boyacá;Umbita;Colombia
Boyacá;Viracachá;Colombia
Boyacá;Chinavita;Colombia
Boyacá;Garagoa;Colombia
Boyacá;Macanal;Colombia
Boyacá;Pachavita;Colombia
Boyacá;San Luis De Gaceno;Colombia
Boyacá;Santa María;Colombia
Boyacá;Boavita;Colombia
Boyacá;Covarachía;Colombia
Boyacá;La Uvita;Colombia
Boyacá;San Mateo;Colombia
Boyacá;Sativanorte;Colombia
Boyacá;Sativasur;Colombia
Boyacá;Soatá;Colombia
Boyacá;Susacón;Colombia
Boyacá;Tipacoque;Colombia
Boyacá;Briceño;Colombia
Boyacá;Buenavista;Colombia
Boyacá;Caldas;Colombia
Boyacá;Chiquinquirá;Colombia
Boyacá;Coper;Colombia
Boyacá;La Victoria;Colombia
Boyacá;Maripí;Colombia
Boyacá;Muzo;Colombia
Boyacá;Otanche;Colombia
Boyacá;Pauna;Colombia
Boyacá;Puerto Boyaca;Colombia
Boyacá;Quípama;Colombia
Boyacá;Saboyá;Colombia
Boyacá;San Miguel De Sema;Colombia
Boyacá;San Pablo Borbur;Colombia
Boyacá;Tununguá;Colombia
Boyacá;Almeida;Colombia
Boyacá;Chivor;Colombia
Boyacá;Guateque;Colombia
Boyacá;Guayatá;Colombia
Boyacá;La Capilla;Colombia
Boyacá;Somondoco;Colombia
Boyacá;Sutatenza;Colombia
Boyacá;Tenza;Colombia
Boyacá;Arcabuco;Colombia
Boyacá;Chitaraque;Colombia
Boyacá;Gachantivá;Colombia
Boyacá;Moniquirá;Colombia
Boyacá;Ráquira;Colombia
Boyacá;Sáchica;Colombia
Boyacá;San José De Pare;Colombia
Boyacá;Santa Sofía;Colombia
Boyacá;Santana;Colombia
Boyacá;Sutamarchán;Colombia
Boyacá;Tinjacá;Colombia
Boyacá;Togüí;Colombia
Boyacá;Villa De Leyva;Colombia
Boyacá;Aquitania;Colombia
Boyacá;Cuítiva;Colombia
Boyacá;Firavitoba;Colombia
Boyacá;Gameza;Colombia
Boyacá;Iza;Colombia
Boyacá;Mongua;Colombia
Boyacá;Monguí;Colombia
Boyacá;Nobsa;Colombia
Boyacá;Pesca;Colombia
Boyacá;Sogamoso;Colombia
Boyacá;Tibasosa;Colombia
Boyacá;Tópaga;Colombia
Boyacá;Tota;Colombia
Boyacá;Belén;Colombia
Boyacá;Busbanzá;Colombia
Boyacá;Cerinza;Colombia
Boyacá;Corrales;Colombia
Boyacá;Duitama;Colombia
Boyacá;Floresta;Colombia
Boyacá;Paipa;Colombia
Boyacá;San Rosa Viterbo;Colombia
Boyacá;Tutazá;Colombia
Boyacá;Betéitiva;Colombia
Boyacá;Chita;Colombia
Boyacá;Jericó;Colombia
Boyacá;Paz De Río;Colombia
Boyacá;Socha;Colombia
Boyacá;Socotá;Colombia
Boyacá;Tasco;Colombia
Caldas;Filadelfia;Colombia
Caldas;La Merced;Colombia
Caldas;Marmato;Colombia
Caldas;Riosucio;Colombia
Caldas;Supía;Colombia
Caldas;Manzanares;Colombia
Caldas;Marquetalia;Colombia
Caldas;Marulanda;Colombia
Caldas;Pensilvania;Colombia
Caldas;Anserma;Colombia
Caldas;Belalcázar;Colombia
Caldas;Risaralda;Colombia
Caldas;San José;Colombia
Caldas;Viterbo;Colombia
Caldas;Chinchina;Colombia
Caldas;Manizales;Colombia
Caldas;Neira;Colombia
Caldas;Palestina;Colombia
Caldas;Villamaria;Colombia
Caldas;Aguadas;Colombia
Caldas;Aranzazu;Colombia
Caldas;Pácora;Colombia
Caldas;Salamina;Colombia
Caldas;La Dorada;Colombia
Caldas;Norcasia;Colombia
Caldas;Samaná;Colombia
Caldas;Victoria;Colombia
Caqueta;Albania;Colombia
Caqueta;Belén De Los Andaquies;Colombia
Caqueta;Cartagena Del Chairá;Colombia
Caqueta;Currillo;Colombia
Caqueta;El Doncello;Colombia
Caqueta;El Paujil;Colombia
Caqueta;Florencia;Colombia
Caqueta;La Montañita;Colombia
Caqueta;Milan;Colombia
Caqueta;Morelia;Colombia
Caqueta;Puerto Rico;Colombia
Caqueta;San Jose Del Fragua;Colombia
Caqueta;San Vicente Del Caguán;Colombia
Caqueta;Solano;Colombia
Caqueta;Solita;Colombia
Caqueta;Valparaiso;Colombia
Casanare;Aguazul;Colombia
Casanare;Chameza;Colombia
Casanare;Hato Corozal;Colombia
Casanare;La Salina;Colombia
Casanare;Maní;Colombia
Casanare;Monterrey;Colombia
Casanare;Nunchía;Colombia
Casanare;Orocué;Colombia
Casanare;Paz De Ariporo;Colombia
Casanare;Pore;Colombia
Casanare;Recetor;Colombia
Casanare;Sabanalarga;Colombia
Casanare;Sácama;Colombia
Casanare;San Luis De Palenque;Colombia
Casanare;Támara;Colombia
Casanare;Tauramena;Colombia
Casanare;Trinidad;Colombia
Casanare;Villanueva;Colombia
Casanare;Yopal;Colombia
Cauca;Cajibío;Colombia
Cauca;El Tambo;Colombia
Cauca;La Sierra;Colombia
Cauca;Morales;Colombia
Cauca;Piendamo;Colombia
Cauca;Popayán;Colombia
Cauca;Rosas;Colombia
Cauca;Sotara;Colombia
Cauca;Timbio;Colombia
Cauca;Buenos Aires;Colombia
Cauca;Caloto;Colombia
Cauca;Corinto;Colombia
Cauca;Miranda;Colombia
Cauca;Padilla;Colombia
Cauca;Puerto Tejada;Colombia
Cauca;Santander De Quilichao;Colombia
Cauca;Suarez;Colombia
Cauca;Villa Rica;Colombia
Cauca;Guapi;Colombia
Cauca;Lopez;Colombia
Cauca;Timbiqui;Colombia
Cauca;Caldono;Colombia
Cauca;Inzá;Colombia
Cauca;Jambalo;Colombia
Cauca;Paez;Colombia
Cauca;Purace;Colombia
Cauca;Silvia;Colombia
Cauca;Toribio;Colombia
Cauca;Totoro;Colombia
Cauca;Almaguer;Colombia
Cauca;Argelia;Colombia
Cauca;Balboa;Colombia
Cauca;Bolívar;Colombia
Cauca;Florencia;Colombia
Cauca;La Vega;Colombia
Cauca;Mercaderes;Colombia
Cauca;Patia;Colombia
Cauca;Piamonte;Colombia
Cauca;San Sebastian;Colombia
Cauca;Santa Rosa;Colombia
Cauca;Sucre;Colombia
Cesar;Becerril;Colombia
Cesar;Chimichagua;Colombia
Cesar;Chiriguana;Colombia
Cesar;Curumaní;Colombia
Cesar;La Jagua De Ibirico;Colombia
Cesar;Pailitas;Colombia
Cesar;Tamalameque;Colombia
Cesar;Astrea;Colombia
Cesar;Bosconia;Colombia
Cesar;El Copey;Colombia
Cesar;El Paso;Colombia
Cesar;Agustín Codazzi;Colombia
Cesar;La Paz;Colombia
Cesar;Manaure;Colombia
Cesar;Pueblo Bello;Colombia
Cesar;San Diego;Colombia
Cesar;Valledupar;Colombia
Cesar;Aguachica;Colombia
Cesar;Gamarra;Colombia
Cesar;González;Colombia
Cesar;La Gloria;Colombia
Cesar;Pelaya;Colombia
Cesar;Río De Oro;Colombia
Cesar;San Alberto;Colombia
Cesar;San Martín;Colombia
Choco;Atrato;Colombia
Choco;Bagadó;Colombia
Choco;Bojaya;Colombia
Choco;El Carmen De Atrato;Colombia
Choco;Lloró;Colombia
Choco;Medio Atrato;Colombia
Choco;Quibdó;Colombia
Choco;Rio Quito;Colombia
Choco;Acandí;Colombia
Choco;Belén De Bajira;Colombia
Choco;Carmén Del Darién;Colombia
Choco;Riosucio;Colombia
Choco;Unguía;Colombia
Choco;Bahía Solano;Colombia
Choco;Juradó;Colombia
Choco;Nuquí;Colombia
Choco;Alto Baudó;Colombia
Choco;Bajo Baudó;Colombia
Choco;El Litoral Del San Juan;Colombia
Choco;Medio Baudó;Colombia
Choco;Canton De San Pablo;Colombia
Choco;Certegui;Colombia
Choco;Condoto;Colombia
Choco;Itsmina;Colombia
Choco;Medio San Juan;Colombia
Choco;Nóvita;Colombia
Choco;Río Frío;Colombia
Choco;San José Del Palmar;Colombia
Choco;Sipí;Colombia
Choco;Tadó;Colombia
Choco;Union Panamericana;Colombia
Cordoba;Tierralta;Colombia
Cordoba;Valencia;Colombia
Cordoba;Chimá;Colombia
Cordoba;Cotorra;Colombia
Cordoba;Lorica;Colombia
Cordoba;Momil;Colombia
Cordoba;Purísima;Colombia
Cordoba;Montería;Colombia
Cordoba;Canalete;Colombia
Cordoba;Los Córdobas;Colombia
Cordoba;Moñitos;Colombia
Cordoba;Puerto Escondido;Colombia
Cordoba;San Antero;Colombia
Cordoba;San Bernardo Del Viento;Colombia
Cordoba;Chinú;Colombia
Cordoba;Sahagún;Colombia
Cordoba;San Andrés Sotavento;Colombia
Cordoba;Ayapel;Colombia
Cordoba;Buenavista;Colombia
Cordoba;La Apartada;Colombia
Cordoba;Montelíbano;Colombia
Cordoba;Planeta Rica;Colombia
Cordoba;Pueblo Nuevo;Colombia
Cordoba;Puerto Libertador;Colombia
Cordoba;Cereté;Colombia
Cordoba;Ciénaga De Oro;Colombia
Cordoba;San Carlos;Colombia
Cordoba;San Pelayo;Colombia
Cundinamarca;Chocontá;Colombia
Cundinamarca;Macheta;Colombia
Cundinamarca;Manta;Colombia
Cundinamarca;Sesquilé;Colombia
Cundinamarca;Suesca;Colombia
Cundinamarca;Tibirita;Colombia
Cundinamarca;Villapinzón;Colombia
Cundinamarca;Agua De Dios;Colombia
Cundinamarca;Girardot;Colombia
Cundinamarca;Guataquí;Colombia
Cundinamarca;Jerusalén;Colombia
Cundinamarca;Nariño;Colombia
Cundinamarca;Nilo;Colombia
Cundinamarca;Ricaurte;Colombia
Cundinamarca;Tocaima;Colombia
Cundinamarca;Caparrapí;Colombia
Cundinamarca;Guaduas;Colombia
Cundinamarca;Puerto Salgar;Colombia
Cundinamarca;Albán;Colombia
Cundinamarca;La Peña;Colombia
Cundinamarca;La Vega;Colombia
Cundinamarca;Nimaima;Colombia
Cundinamarca;Nocaima;Colombia
Cundinamarca;Quebradanegra;Colombia
Cundinamarca;San Francisco;Colombia
Cundinamarca;Sasaima;Colombia
Cundinamarca;Supatá;Colombia
Cundinamarca;Útica;Colombia
Cundinamarca;Vergara;Colombia
Cundinamarca;Villeta;Colombia
Cundinamarca;Gachala;Colombia
Cundinamarca;Gacheta;Colombia
Cundinamarca;Gama;Colombia
Cundinamarca;Guasca;Colombia
Cundinamarca;Guatavita;Colombia
Cundinamarca;Junín;Colombia
Cundinamarca;La Calera;Colombia
Cundinamarca;Ubalá;Colombia
Cundinamarca;Beltrán;Colombia
Cundinamarca;Bituima;Colombia
Cundinamarca;Chaguaní;Colombia
Cundinamarca;Guayabal De Siquima;Colombia
Cundinamarca;Puli;Colombia
Cundinamarca;San Juan De Río Seco;Colombia
Cundinamarca;Vianí;Colombia
Cundinamarca;Medina;Colombia
Cundinamarca;Paratebueno;Colombia
Cundinamarca;Caqueza;Colombia
Cundinamarca;Chipaque;Colombia
Cundinamarca;Choachí;Colombia
Cundinamarca;Fomeque;Colombia
Cundinamarca;Fosca;Colombia
Cundinamarca;Guayabetal;Colombia
Cundinamarca;Gutiérrez;Colombia
Cundinamarca;Quetame;Colombia
Cundinamarca;Ubaque;Colombia
Cundinamarca;Une;Colombia
Cundinamarca;El Peñón;Colombia
Cundinamarca;La Palma;Colombia
Cundinamarca;Pacho;Colombia
Cundinamarca;Paime;Colombia
Cundinamarca;San Cayetano;Colombia
Cundinamarca;Topaipi;Colombia
Cundinamarca;Villagomez;Colombia
Cundinamarca;Yacopí;Colombia
Cundinamarca;Cajicá;Colombia
Cundinamarca;Chía;Colombia
Cundinamarca;Cogua;Colombia
Cundinamarca;Gachancipá;Colombia
Cundinamarca;Nemocon;Colombia
Cundinamarca;Sopó;Colombia
Cundinamarca;Tabio;Colombia
Cundinamarca;Tocancipá;Colombia
Cundinamarca;Zipaquirá;Colombia
Cundinamarca;Bojacá;Colombia
Cundinamarca;Cota;Colombia
Cundinamarca;El Rosal;Colombia
Cundinamarca;Facatativá;Colombia
Cundinamarca;Funza;Colombia
Cundinamarca;Madrid;Colombia
Cundinamarca;Mosquera;Colombia
Cundinamarca;Subachoque;Colombia
Cundinamarca;Tenjo;Colombia
Cundinamarca;Zipacon;Colombia
Cundinamarca;Sibaté;Colombia
Cundinamarca;Soacha;Colombia
Cundinamarca;Arbeláez;Colombia
Cundinamarca;Cabrera;Colombia
Cundinamarca;Fusagasugá;Colombia
Cundinamarca;Granada;Colombia
Cundinamarca;Pandi;Colombia
Cundinamarca;Pasca;Colombia
Cundinamarca;San Bernardo;Colombia
Cundinamarca;Silvania;Colombia
Cundinamarca;Tibacuy;Colombia
Cundinamarca;Venecia;Colombia
Cundinamarca;Anapoima;Colombia
Cundinamarca;Anolaima;Colombia
Cundinamarca;Apulo;Colombia
Cundinamarca;Cachipay;Colombia
Cundinamarca;El Colegio;Colombia
Cundinamarca;La Mesa;Colombia
Cundinamarca;Quipile;Colombia
Cundinamarca;San Antonio De Tequendama;Colombia
Cundinamarca;Tena;Colombia
Cundinamarca;Viotá;Colombia
Cundinamarca;Carmen De Carupa;Colombia
Cundinamarca;Cucunubá;Colombia
Cundinamarca;Fúquene;Colombia
Cundinamarca;Guachetá;Colombia
Cundinamarca;Lenguazaque;Colombia
Cundinamarca;Simijaca;Colombia
Cundinamarca;Susa;Colombia
Cundinamarca;Sutatausa;Colombia
Cundinamarca;Tausa;Colombia
Cundinamarca;Ubate;Colombia
Guainia;Barranco Mina;Colombia
Guainia;Cacahual;Colombia
Guainia;Inírida;Colombia
Guainia;La Guadalupe;Colombia
Guainia;Mapiripan;Colombia
Guainia;Morichal;Colombia
Guainia;Pana Pana;Colombia
Guainia;Puerto Colombia;Colombia
Guainia;San Felipe;Colombia
Guaviare;Calamar;Colombia
Guaviare;El Retorno;Colombia
Guaviare;Miraflores;Colombia
Guaviare;San José Del Guaviare;Colombia
Huila;Agrado;Colombia
Huila;Altamira;Colombia
Huila;Garzón;Colombia
Huila;Gigante;Colombia
Huila;Guadalupe;Colombia
Huila;Pital;Colombia
Huila;Suaza;Colombia
Huila;Tarqui;Colombia
Huila;Aipe;Colombia
Huila;Algeciras;Colombia
Huila;Baraya;Colombia
Huila;Campoalegre;Colombia
Huila;Colombia;Colombia
Huila;Hobo;Colombia
Huila;Iquira;Colombia
Huila;Neiva;Colombia
Huila;Palermo;Colombia
Huila;Rivera;Colombia
Huila;Santa María;Colombia
Huila;Tello;Colombia
Huila;Teruel;Colombia
Huila;Villavieja;Colombia
Huila;Yaguará;Colombia
Huila;La Argentina;Colombia
Huila;La Plata;Colombia
Huila;Nátaga;Colombia
Huila;Paicol;Colombia
Huila;Tesalia;Colombia
Huila;Acevedo;Colombia
Huila;Elías;Colombia
Huila;Isnos;Colombia
Huila;Oporapa;Colombia
Huila;Palestina;Colombia
Huila;Pitalito;Colombia
Huila;Saladoblanco;Colombia
Huila;San Agustín;Colombia
Huila;Timaná;Colombia
La Guajira;Albania;Colombia
La Guajira;Dibulla;Colombia
La Guajira;Maicao;Colombia
La Guajira;Manaure;Colombia
La Guajira;Riohacha;Colombia
La Guajira;Uribia;Colombia
La Guajira;Barrancas;Colombia
La Guajira;Distraccion;Colombia
La Guajira;El Molino;Colombia
La Guajira;Fonseca;Colombia
La Guajira;Hatonuevo;Colombia
La Guajira;La Jagua Del Pilar;Colombia
La Guajira;San Juan Del Cesar;Colombia
La Guajira;Urumita;Colombia
La Guajira;Villanueva;Colombia
Magdalena;Ariguaní;Colombia
Magdalena;Chibolo;Colombia
Magdalena;Nueva Granada;Colombia
Magdalena;Plato;Colombia
Magdalena;Sabanas De San Angel;Colombia
Magdalena;Tenerife;Colombia
Magdalena;Algarrobo;Colombia
Magdalena;Aracataca;Colombia
Magdalena;Ciénaga;Colombia
Magdalena;El Reten;Colombia
Magdalena;Fundacion;Colombia
Magdalena;Pueblo Viejo;Colombia
Magdalena;Zona Bananera;Colombia
Magdalena;Cerro San Antonio;Colombia
Magdalena;Concordia;Colombia
Magdalena;El Piñon;Colombia
Magdalena;Pedraza;Colombia
Magdalena;Pivijay;Colombia
Magdalena;Remolino;Colombia
Magdalena;Salamina;Colombia
Magdalena;Sitionuevo;Colombia
Magdalena;Zapayan;Colombia
Magdalena;Santa Marta;Colombia
Magdalena;El Banco;Colombia
Magdalena;Guamal;Colombia
Magdalena;Pijiño Del Carmen;Colombia
Magdalena;San Sebastian De Buenavista;Colombia
Magdalena;San Zenon;Colombia
Magdalena;Santa Ana;Colombia
Magdalena;Santa Barbara De Pinto;Colombia
Meta;El Castillo;Colombia
Meta;El Dorado;Colombia
Meta;Fuente De Oro;Colombia
Meta;Granada;Colombia
Meta;La Macarena;Colombia
Meta;La Uribe;Colombia
Meta;Lejanías;Colombia
Meta;Mapiripan;Colombia
Meta;Mesetas;Colombia
Meta;Puerto Concordia;Colombia
Meta;Puerto Lleras;Colombia
Meta;Puerto Rico;Colombia
Meta;San Juan De Arama;Colombia
Meta;Vista Hermosa;Colombia
Meta;Villavicencio;Colombia
Meta;Acacias;Colombia
Meta;Barranca De Upia;Colombia
Meta;Castilla La Nueva;Colombia
Meta;Cumaral;Colombia
Meta;El Calvario;Colombia
Meta;Guamal;Colombia
Meta;Restrepo;Colombia
Meta;San Carlos Guaroa;Colombia
Meta;San Juanito;Colombia
Meta;San Luis De Cubarral;Colombia
Meta;San Martín;Colombia
Meta;Cabuyaro;Colombia
Meta;Puerto Gaitán;Colombia
Meta;Puerto Lopez;Colombia
Nariño;Chachagui;Colombia
Nariño;Consaca;Colombia
Nariño;El Peñol;Colombia
Nariño;El Tambo;Colombia
Nariño;La Florida;Colombia
Nariño;Nariño;Colombia
Nariño;Pasto;Colombia
Nariño;Sandoná;Colombia
Nariño;Tangua;Colombia
Nariño;Yacuanquer;Colombia
Nariño;Ancuya;Colombia
Nariño;Guaitarilla;Colombia
Nariño;La Llanada;Colombia
Nariño;Linares;Colombia
Nariño;Los Andes;Colombia
Nariño;Mallama;Colombia
Nariño;Ospina;Colombia
Nariño;Providencia;Colombia
Nariño;Ricaurte;Colombia
Nariño;Samaniego;Colombia
Nariño;Santa Cruz;Colombia
Nariño;Sapuyes;Colombia
Nariño;Tuquerres;Colombia
Nariño;Barbacoas;Colombia
Nariño;El Charco;Colombia
Nariño;Francisco Pizarro;Colombia
Nariño;La Tola;Colombia
Nariño;Magui;Colombia
Nariño;Mosquera;Colombia
Nariño;Olaya Herrera;Colombia
Nariño;Roberto Payan;Colombia
Nariño;Santa Barbara;Colombia
Nariño;Tumaco;Colombia
Nariño;Alban;Colombia
Nariño;Arboleda;Colombia
Nariño;Belen;Colombia
Nariño;Buesaco;Colombia
Nariño;Colon;Colombia
Nariño;Cumbitara;Colombia
Nariño;El Rosario;Colombia
Nariño;El Tablon De Gomez;Colombia
Nariño;La Cruz;Colombia
Nariño;La Union;Colombia
Nariño;Leiva;Colombia
Nariño;Policarpa;Colombia
Nariño;San Bernardo;Colombia
Nariño;San Lorenzo;Colombia
Nariño;San Pablo;Colombia
Nariño;San Pedro De Cartago;Colombia
Nariño;Taminango;Colombia
Nariño;Aldana;Colombia
Nariño;Contadero;Colombia
Nariño;Córdoba;Colombia
Nariño;Cuaspud;Colombia
Nariño;Cumbal;Colombia
Nariño;Funes;Colombia
Nariño;Guachucal;Colombia
Nariño;Gualmatan;Colombia
Nariño;Iles;Colombia
Nariño;Imues;Colombia
Nariño;Ipiales;Colombia
Nariño;Potosí;Colombia
Nariño;Puerres;Colombia
Nariño;Pupiales;Colombia
Norte De Santander;Arboledas;Colombia
Norte De Santander;Cucutilla;Colombia
Norte De Santander;Gramalote;Colombia
Norte De Santander;Lourdes;Colombia
Norte De Santander;Salazar;Colombia
Norte De Santander;Santiago;Colombia
Norte De Santander;Villa Caro;Colombia
Norte De Santander;Bucarasica;Colombia
Norte De Santander;El Tarra;Colombia
Norte De Santander;Sardinata;Colombia
Norte De Santander;Tibú;Colombia
Norte De Santander;Abrego;Colombia
Norte De Santander;Cachirá;Colombia
Norte De Santander;Convención;Colombia
Norte De Santander;El Carmen;Colombia
Norte De Santander;Hacarí;Colombia
Norte De Santander;La Esperanza;Colombia
Norte De Santander;La Playa;Colombia
Norte De Santander;Ocaña;Colombia
Norte De Santander;San Calixto;Colombia
Norte De Santander;Teorama;Colombia
Norte De Santander;Cúcuta;Colombia
Norte De Santander;El Zulia;Colombia
Norte De Santander;Los Patios;Colombia
Norte De Santander;Puerto Santander;Colombia
Norte De Santander;San Cayetano;Colombia
Norte De Santander;Villa Del Rosario;Colombia
Norte De Santander;Cácota;Colombia
Norte De Santander;Chitagá;Colombia
Norte De Santander;Mutiscua;Colombia
Norte De Santander;Pamplona;Colombia
Norte De Santander;Pamplonita;Colombia
Norte De Santander;Silos;Colombia
Norte De Santander;Bochalema;Colombia
Norte De Santander;Chinácota;Colombia
Norte De Santander;Durania;Colombia
Norte De Santander;Herrán;Colombia
Norte De Santander;Labateca;Colombia
Norte De Santander;Ragonvalia;Colombia
Norte De Santander;Toledo;Colombia
Putumayo;Colón;Colombia
Putumayo;Mocoa;Colombia
Putumayo;Orito;Colombia
Putumayo;Puerto Asis;Colombia
Putumayo;Puerto Caicedo;Colombia
Putumayo;Puerto Guzman;Colombia
Putumayo;Puerto Leguizamo;Colombia
Putumayo;San Francisco;Colombia
Putumayo;San Miguel;Colombia
Putumayo;Santiago;Colombia
Putumayo;Sibundoy;Colombia
Putumayo;Valle Del Guamuez;Colombia
Putumayo;Villa Garzon;Colombia
Quindio;Armenia;Colombia
Quindio;Buenavista;Colombia
Quindio;Calarca;Colombia
Quindio;Cordoba;Colombia
Quindio;Genova;Colombia
Quindio;Pijao;Colombia
Quindio;Filandia;Colombia
Quindio;Salento;Colombia
Quindio;Circasia;Colombia
Quindio;La Tebaida;Colombia
Quindio;Montengro;Colombia
Quindio;Quimbaya;Colombia
Risaralda;Dosquebradas;Colombia
Risaralda;La Virginia;Colombia
Risaralda;Marsella;Colombia
Risaralda;Pereira;Colombia
Risaralda;Santa Rosa De Cabal;Colombia
Risaralda;Apía;Colombia
Risaralda;Balboa;Colombia
Risaralda;Belén De Umbría;Colombia
Risaralda;Guática;Colombia
Risaralda;La Celia;Colombia
Risaralda;Quinchia;Colombia
Risaralda;Santuario;Colombia
Risaralda;Mistrató;Colombia
Risaralda;Pueblo Rico;Colombia
Santander;Chima;Colombia
Santander;Confines;Colombia
Santander;Contratación;Colombia
Santander;El Guacamayo;Colombia
Santander;Galán;Colombia
Santander;Gambita;Colombia
Santander;Guadalupe;Colombia
Santander;Guapotá;Colombia
Santander;Hato;Colombia
Santander;Oiba;Colombia
Santander;Palmar;Colombia
Santander;Palmas Del Socorro;Colombia
Santander;Santa Helena Del Opón;Colombia
Santander;Simacota;Colombia
Santander;Socorro;Colombia
Santander;Suaita;Colombia
Santander;Capitanejo;Colombia
Santander;Carcasí;Colombia
Santander;Cepitá;Colombia
Santander;Cerrito;Colombia
Santander;Concepción;Colombia
Santander;Enciso;Colombia
Santander;Guaca;Colombia
Santander;Macaravita;Colombia
Santander;Málaga;Colombia
Santander;Molagavita;Colombia
Santander;San Andrés;Colombia
Santander;San José De Miranda;Colombia
Santander;San Miguel;Colombia
Santander;Aratoca;Colombia
Santander;Barichara;Colombia
Santander;Cabrera;Colombia
Santander;Charalá;Colombia
Santander;Coromoro;Colombia
Santander;Curití;Colombia
Santander;Encino;Colombia
Santander;Jordán;Colombia
Santander;Mogotes;Colombia
Santander;Ocamonte;Colombia
Santander;Onzaga;Colombia
Santander;Páramo;Colombia
Santander;Pinchote;Colombia
Santander;San Gil;Colombia
Santander;San Joaquín;Colombia
Santander;Valle De San José;Colombia
Santander;Villanueva;Colombia
Santander;Barrancabermeja;Colombia
Santander;Betulia;Colombia
Santander;El Carmen De Chucurí;Colombia
Santander;Puerto Wilches;Colombia
Santander;Sabana De Torres;Colombia
Santander;San Vicente De Chucurí;Colombia
Santander;Zapatoca;Colombia
Santander;Bucaramanga;Colombia
Santander;California;Colombia
Santander;Charta;Colombia
Santander;El Playón;Colombia
Santander;Floridablanca;Colombia
Santander;Girón;Colombia
Santander;Lebríja;Colombia
Santander;Los Santos;Colombia
Santander;Matanza;Colombia
Santander;Piedecuesta;Colombia
Santander;Rionegro;Colombia
Santander;Santa Bárbara;Colombia
Santander;Surata;Colombia
Santander;Tona;Colombia
Santander;Vetas;Colombia
Santander;Aguada;Colombia
Santander;Albania;Colombia
Santander;Barbosa;Colombia
Santander;Bolívar;Colombia
Santander;Chipatá;Colombia
Santander;Cimitarra;Colombia
Santander;El Peñón;Colombia
Santander;Florián;Colombia
Santander;Guavatá;Colombia
Santander;Guepsa;Colombia
Santander;Jesús María;Colombia
Santander;La Belleza;Colombia
Santander;La Paz;Colombia
Santander;Landázuri;Colombia
Santander;Puente Nacional;Colombia
Santander;Puerto Parra;Colombia
Santander;San Benito;Colombia
Santander;Sucre;Colombia
Santander;Vélez;Colombia
Sucre;Guaranda;Colombia
Sucre;Majagual;Colombia
Sucre;Sucre;Colombia
Sucre;Chalán;Colombia
Sucre;Coloso;Colombia
Sucre;Morroa;Colombia
Sucre;Ovejas;Colombia
Sucre;Sincelejo;Colombia
Sucre;Coveñas;Colombia
Sucre;Palmito;Colombia
Sucre;San Onofre;Colombia
Sucre;Santiago De Tolú;Colombia
Sucre;Tolú Viejo;Colombia
Sucre;Buenavista;Colombia
Sucre;Corozal;Colombia
Sucre;El Roble;Colombia
Sucre;Galeras;Colombia
Sucre;Los Palmitos;Colombia
Sucre;Sampués;Colombia
Sucre;San Juan Betulia;Colombia
Sucre;San Pedro;Colombia
Sucre;Sincé;Colombia
Sucre;Caimito;Colombia
Sucre;La Unión;Colombia
Sucre;San Benito Abad;Colombia
Sucre;San Marcos;Colombia
Tolima;Ambalema;Colombia
Tolima;Armero;Colombia
Tolima;Falan;Colombia
Tolima;Fresno;Colombia
Tolima;Honda;Colombia
Tolima;Mariquita;Colombia
Tolima;Palocabildo;Colombia
Tolima;Carmen De Apicalá;Colombia
Tolima;Cunday;Colombia
Tolima;Icononzo;Colombia
Tolima;Melgar;Colombia
Tolima;Villarrica;Colombia
Tolima;Ataco;Colombia
Tolima;Chaparral;Colombia
Tolima;Coyaima;Colombia
Tolima;Natagaima;Colombia
Tolima;Ortega;Colombia
Tolima;Planadas;Colombia
Tolima;Rioblanco;Colombia
Tolima;Roncesvalles;Colombia
Tolima;San Antonio;Colombia
Tolima;Alvarado;Colombia
Tolima;Anzoátegui;Colombia
Tolima;Cajamarca;Colombia
Tolima;Coello;Colombia
Tolima;Espinal;Colombia
Tolima;Flandes;Colombia
Tolima;Ibague;Colombia
Tolima;Piedras;Colombia
Tolima;Rovira;Colombia
Tolima;San Luis;Colombia
Tolima;Valle De San Juan;Colombia
Tolima;Alpujarra;Colombia
Tolima;Dolores;Colombia
Tolima;Guamo;Colombia
Tolima;Prado;Colombia
Tolima;Purificación;Colombia
Tolima;Saldaña;Colombia
Tolima;Suárez;Colombia
Tolima;Casabianca;Colombia
Tolima;Herveo;Colombia
Tolima;Lerida;Colombia
Tolima;Libano;Colombia
Tolima;Murillo;Colombia
Tolima;Santa Isabel;Colombia
Tolima;Venadillo;Colombia
Tolima;Villahermosa;Colombia
Valle Del Cauca;Andalucía;Colombia
Valle Del Cauca;Buga;Colombia
Valle Del Cauca;Bugalagrande;Colombia
Valle Del Cauca;Calima;Colombia
Valle Del Cauca;El Cerrito;Colombia
Valle Del Cauca;Ginebra;Colombia
Valle Del Cauca;Guacarí;Colombia
Valle Del Cauca;Restrepo;Colombia
Valle Del Cauca;Riofrio;Colombia
Valle Del Cauca;San Pedro;Colombia
Valle Del Cauca;Trujillo;Colombia
Valle Del Cauca;Tuluá;Colombia
Valle Del Cauca;Yotoco;Colombia
Valle Del Cauca;Alcala;Colombia
Valle Del Cauca;Ansermanuevo;Colombia
Valle Del Cauca;Argelia;Colombia
Valle Del Cauca;Bolívar;Colombia
Valle Del Cauca;Cartago;Colombia
Valle Del Cauca;El Águila;Colombia
Valle Del Cauca;El Cairo;Colombia
Valle Del Cauca;El Dovio;Colombia
Valle Del Cauca;La Unión;Colombia
Valle Del Cauca;La Victoria;Colombia
Valle Del Cauca;Obando;Colombia
Valle Del Cauca;Roldanillo;Colombia
Valle Del Cauca;Toro;Colombia
Valle Del Cauca;Ulloa;Colombia
Valle Del Cauca;Versalles;Colombia
Valle Del Cauca;Zarzal;Colombia
Valle Del Cauca;Buenaventura;Colombia
Valle Del Cauca;Caicedonia;Colombia
Valle Del Cauca;Sevilla;Colombia
Valle Del Cauca;Cali;Colombia
Valle Del Cauca;Candelaria;Colombia
Valle Del Cauca;Dagua;Colombia
Valle Del Cauca;Florida;Colombia
Valle Del Cauca;Jamundí;Colombia
Valle Del Cauca;La Cumbre;Colombia
Valle Del Cauca;Palmira;Colombia
Valle Del Cauca;Pradera;Colombia
Valle Del Cauca;Vijes;Colombia
Valle Del Cauca;Yumbo;Colombia
Vaupes;Caruru;Colombia
Vaupes;Mitú;Colombia
Vaupes;Pacoa;Colombia
Vaupes;Papunahua;Colombia
Vaupes;Taraira;Colombia
Vaupes;Yavaraté;Colombia
Vichada;Cumaribo;Colombia
Vichada;La Primavera;Colombia
Vichada;Puerto Carreño;Colombia
Vichada;Santa Rosalía;Colombia